{"train_acc": 0.96875, "val_acc": 0.5, "train_loss": 0.20648208260536194, "val_loss": 0.6755700707435608}