{"accuracy": 0.9157168566286743, "precision": 0.921875, "recall": 0.9084183163367326, "f1_score": 0.9150971900493504, "auc": 0.9746595971747464}